ItemCode;AttachmentEntry
<-----Do not fill this row------->
004 (MA-04) OF;51391
005 OF;51392
100AAAHC-U2 CLA;52043
101 C/R-18 OF;52145
101 ESSENTIAL SET OF;52662
101 R-20 OF;52147
101 UNIVERSAL SET OF;52661
1048X OF;51733
1065MX OF;51734
10HP1020 OF;51754
113-082A OF;52614
113-202C OF;52610
113-241A OF;52613
1248X OF;51741
1265MX OF;51742
12FH500 OF;51763
12HP1010 OF;51759
13ER-8Y24;52063
15120C OF;51747
1565HCA OF;51749
15AUP-U2 CLA;52040
15G-S2 OF;52029
15HP1010 OF;51760
15HP1020 OF;51755
1604AUP-U1 CLA;52022
1604G-S1 CLA;52020
16-516 OF;52506
16B OF;52753
17R8H-U1 CLA;52021
18120C OF;51751
18HP1010 OF;51762
18HP1040 OF;51758
192-C10 OF;52085
210AAHCB-EU2 CLA;52030
210AAHC-U2 CLA;52025
220DH-U2 CLA;52064
2225PACK BK OF;49471
2225PACK BL OF;49470
2225PACK RD OF;49472
23AE-C5 CLA;52068
24AUP-U2 CLA;52046
24G-P10 CLA;52042
270AAHC-U2;52032
27AE-C5 CLA;52069
2SD5024 TO-220HF;54260
3009580;48830
3151BY OF;50854
3331PACK BK OF;49465
3331PACK BL OF;49464
3331PACK RD OF;49466
3331VN BK OF;48310
3331VN SBB OF;48309
3331VN SBR OF;48311
371-C5 OF;52082
379-C5 OF;52083
39-1 OF;48126
44082 OF;52924
470J-100V (POL);49499
4780659 OF;49769
4780722 OF;49773
4780730 OF;49772
4780743 OF;49775
4780767 OF;49771
4780771;49774
4780843;49777
478800;53124
478810;53122
49062 OF;51973
49063 OF;51971
49064 OF;51972
4MIX OF;49789
522BP;54533
618 OF;51390
6213 OF;52776
6413 OF;52786
6700VNF010A OF;52611
6711R1P070C OF;49689
68A OF;49410
69580;48918
6HP-9100 OF;52446
6S02 OF;48212
74BSP3.5 OF;51636
835DRC;54109
848DRC;54110
848X;51753
85 OF;50897
85AAAHC-U2;52044
8S01-S;48213
908-609 OF;52107
908-T301 OF;52125
910A-U2 CLA;52072
91-DVD-1 (TDV-G) OF;52749
96807 OF;52926
A010B;52356
A23M 12V CLA;54598
A4 OPBC OF;48342
A5 CUSTOM Z W/CASE O;48331
A5 OPBC;48330
A5 ULTRA RWAS W/CASE;48323
A500RGB_ OF;50811
A6 OPN;48336
AAA-120-15T;54358
AAA-30-8;54360
AAA-60-10T;54359
AC-10 BKS;50483
AC-10 NAT;50480
AC100 W/BAG OP;50485
AC120CE W/BAG OP;50635
AC150 NAT;50481
AC150 NS;50482
ACC11ME NAT;50628
ACER C720;54492
ACER TMB116;54491
ACER-A315-55G;54547
ACER-CB315-3H-C2C3;54490
ACM-12 OF;48699
ACM-20 OF;48695
ACP-12 OF;48700
ACTION BASS BK;48312
ACTION BASS V WS;48328
ACTION BASS WS;48313
ACTION HH4 BRM;54538
ACTION HH4 TLB;54537
ACTION HH5 BRM;54540
ACTION HH5 TLB;54539
ACTION JJ OPBC;48286
ACTION JJ OPW;48290
ACTION V-DLX CRS;48338
ACTION-508A;54174
ACTION-512A;54173
ACTION-515A;54172
ACTION-525A;54170
ACTION-A BK OF;48339
ACTION-A TR;48340
ACTION-M512A;54171
ACTION-S118A-115;54326
ACTION-S18A;54327
AD-1220 CLA;54621
AD-12SW;54364
AD-1500 TECH OF;47769
AD-1800 OF;47746
AD-435;54620
AD-48V OF;50351
AD-512C OF;47781
AD-512D OF;47780
AD-600UIR OF;47773
AD810 NS;50438
AD810 W/BAG BKS OF;50434
AD810 W/BAG OP;50444
AD-810A OF;47763
AD810E NS;50612
AD-818A OF;47764
ADC-IPUC01 OF;47765
AD-DM5 OF;47738
AD-E95100LU-P3;54639
AD-GI35;54675
AD-HUBC1;54562
AD-HUBC2;54560
AD-IPUT03 OF;47752
AD-LIHD1;54676
ADM-12X;54233
ADM-8X;54232
ADM-T4;54565
ADM-T6;54566
ADVANTA SUB;54141
ADVANTA1000;54140
ADVANTA500;54139
ADWC-BHX 5A OF;48373
ADWC-BHX 7A OF;48395
AEIEL304U2 CLA;54611
AERO-20A;54193
AERO-20A-120;54194
AG1-10B;54521
AG4-10B;54523
AH205R OF;48756
AH208R;48625
ALS-A77 CLA;54663
A-MINI OF;48078
AMP-10 OF;48693
AMP-20 OF;48694
AMP-3535-3 OF;48655
AMP-3535-6 OF;48653
AMP-35-6 OF;48765
AMP-RA-17 OF;48691
AMP-RA-6 OF;48690
AM-SVC692-BB-012-2M CLA;54594
AN-305-5;48151
ANB-00004;54494
ANL-250A;50375
ANT00012 OF;48143
AP-10001D OF;48039
AP-1004 OF;48041
AP-15001D OF;48047
AP-1504 OF;48049
AP-18001D OF;48051
AP-2004 OF;48059
AP-270BKC2;54641
AP-A 0.46MM;54367
AP-A 0.71MM;54368
AP-A 0.96MM;54369
AP-A 1.20MM;54370
APCL-1004;48040
APCL-15001D;48057
APCL-2004;48053
AP-H 0.58MM;54371
AP-H 0.71MM;54372
AP-H 0.96MM;54373
AP-H 1.20MM;54374
APHE-S200 OF;53098
APQ-1603 OF;51698
APQ-6904 OF;51707
APSM-1500 OF;48046
APT-1087 OF;51639
APT-1525 OF;51668
APT-1630 OF;51699
APT-6940 OF;51712
AP-V-12 OF;49063
AP-V-20 OF;49064
APX18SA;53454
APX28HA;53453
AQD-S800WH OF;51358
ARCHER T2U CLA;54553
ARCHER T2U PLUS CLA;54555
ARCO-4T;54186
ARCO-4TW;54187
ARTEC-306T;54175
ARTEC-308T;54176
AST-2203 OF;50820
AST-514 OF;50814
AST-516 OF;50817
ATV-M8S;48123
ATVR-10000;54111
ATVR-2000 OF;52514
ATVR-8000;54112
ATV-T9;54377
ATV-T95-4G;54559
ATV-T95MINI;54376
ATV-X96-1G;54557
ATV-X96-2G;54558
AVANTI15A;49077
AVH-285BT;52464
AVH-295BT;53346
AVH-G215BT;54117
AVR-1000 OF;52516
AVRAI-2000C OF;52518
AX-1230 OF;51613
AX-4073 OF;51654
AX-444 OF;51656
AX-510;51662
AX-6573 OF;51703
AX-AERO20;54190
AX-BAR184;54309
AX-BAR9GD;54299
AX-BAR9PK;54297
AX-CASE231;54264
AX-CASE232;54265
AX-CM200;54269
AX-DERBY-UV;54302
AX-EV212;54064
AX-F1524;54266
AX-FM200;54267
AX-JET1;54270
AX-JET2;54271
AX-JET3;54272
AXM-408AU OF;48113
AXM-526 OF;48117
AXM-625A-MP3 OF;48120
AXM-740AU OF;48115
AXM-740BLT OF;48105
AX-MH122;54261
AX-MH161;54263
AX-MH162;54262
AX-MH95D;54294
AX-PAR1818;54305
AXS-6940 OF;51709
AXS-EV212;54065
AX-SP121 OF;49193
AX-SP1502 OF;49201
AX-SP1503 OF;49203
AX-SP1506 OF;49202
AX-SPA121AUR OF;49144
AX-SPA121BLT OF;49145
AX-SPA126BR;49119
AX-SPA126UDB OF;49148
AX-SPA1502B OF;49149
AX-SPA1503B OF;49150
AX-SPA1504AUR OF;49162
AX-SPA1504BLT OF;49159
AX-SPA1506B OF;49151
AX-SPA1507UBI OF;49165
AX-SPA1508DVD OF;49160
AX-SPA150AUR OF;49155
AX-SPA150B OF;49154
AX-SPA151AUR OF;49163
AX-SPA151B OF;49158
AX-SPA156R;49108
AX-SPA156UR OF;49157
AX-SPA156W;49100
AX-SPA156Y;49105
AX-SPA157BLT OF;49161
AX-SPA804BLT;49171
AX-SPK400;54268
AXT-202;53073
AX-TS1673;51702
AX-TS6973;51719
AX-V8SC;54665
AXW-4;54161
AXW-5;54162
AX-WF15 OF;53322
AX-WH18SUB OF;52813
AXW-OVI12-W-IP;54165
AX-WXA1570PUB OF;49167
B0.5-24155 OF;49403
B0.5-24240 OF;49405
B-1;54146
B10S-B;52157
B1-1695 OF;49402
B-12 OF;48587
B-370 (ZL-900BK) OF;48241
B-370 RED OF;48243
B-370BK OF;48240
B-370WH OF;48244
B4 OPN OF;48343
B5 OPM;48329
BAQ00001;48359
BAQ00005;48361
BAQ00008;48358
BAQ00016;48362
BC-2 OF;48528
BDT-22A OF;52745
BERA-35014;51803
BF-805BK OF;47841
BF-805BL OF;47840
BF-805RD OF;47842
BF-805SI OF;47853
BH-168BL OF;48278
BH-168PI OF;48281
BH-168WH OF;48280
BL-58368-3;53229
BL-AC-006 OF;48737
BL-NF-56G OF;49566
BM03 OF;52412
BMS-3535-6 OF;48654
BMS-35-6 OF;48766
BMS-BLS-YF-2M CLA;54660
BO-633 OF;50306
BO-653 OF;50307
BOB-36;48515
BOR-15AMP-WH CLA;54658
BOR-3AMP-WH CLA;54657
BOST OF;51880
BR66 OF;50089
BR-CR200;52404
BR-G240;52419
BR-GB35A OF;52403
BRT-56511;48138
BR-X2;52420
BST-L OF;51882
BT087150 (BT8042) OF;50968
BT1502;54133
BT-180;54205
BT-2 OF;52744
BT-396-GN OF;51346
BT-396-OR OF;51344
BT-396-RD OF;51345
BT-705P OF;52977
BT8027 OF;50037
BX500 240GB;54473
BX500 480GB;54472
C140GB OF;50806
C4H WP;48341
C5H BKS;48344
CA-111RCA OF;48752
CA-11310 OF;48780
CA-11315 OF;48781
CA-2312 OF;48717
CA-2442G-10FT OF;48714
CA-2442G-20FT OF;48715
CA-2642G-10FT OF;48711
CA-2642G-6FT OF;48710
CA-292G OF;48708
CA-4100GR OF;48948
CA-414 OF;48734
CA-458 OF;48733
CA525 BL;48840
CA525 RED;48842
CA-702;48986
CA-730-6 OF;49008
CA-7810;49017
CA-900-1.5M;54375
CAD-2075USB;48100
CA-DIV1 CLA;54574
CA-IMP-BK-1.8M CLA;54651
CA-IMP-BK-3M CLA;54652
CA-LI351;54561
CA-OD056-305;54414
CA-TC351;54674
CB78 NHG;48546
CB78 RBHG;48547
CBL-DPHD CLA;54287
CBP100-A;50776
CC10DAS;54276
CC-115F OF;49576
CC-115M OF;49583
CC1175 NHG OF;49587
CC1175 RBHG OF;49588
CC-141620_18;54275
CC14DAH;54277
CC16DAC;54278
CC20DAR;54279
CC-529 OF;49827
CC-732;47948
CCD-325;49264
CCD460_18;54274
CDST OF;51876
CDV-245-1.8M OF;48779
CE304T;50148
CF-10-100 OF;48913
CF-12-100 OF;48914
CF-14-100 OF;48915
CG HT10D OF;51451
CG T10N OF;51452
CG TT10P OF;51453
CGB18 BR;50198
CGB18S BR;50195
CGC73-SUNSET;50216
CGP-100 OPB;49467
CGP-100 OPBC;49468
CGP-100 OPW;49469
CGP-X1 BKS;50572
CGP-X1 RD;50573
CGS427;49974
CHC-600 OF;51424
CHPRO;54532
CM10G;48087
CM-200-BK;51092
CMB45 RBHG;48527
CN-RG-59 R CLA;54596
COMBO 1004B;49449
COMBO 1204B;49450
COMBO 1502B;49451
COMBO 1503B;49452
COMBO 1506B;49455
COMBO 156B;49456
COMBO 156BL;49457
COMBO 156R;49458
COMBO 156W;49459
COMBO 156Y;49460
COMBO 4780730;49454
COMET-B-GY;54249
COMET-C-GY;54245
COMET-D-GY;54246
COMET-E-GY;54248
CON00005 OF;49532
CON00027 OF;49552
CONCERT16;54234
CONCERT24;54569
CONT-10K CLA;54662
CONT-50K CLA;54661
CP-198-25FT OF;48659
CP-199-50FT OF;48658
CPI-1000;50667
CPI-1575 OF;50671
CPI-2575 OF;50675
CPI-880 OF;50681
CQ11 NHG OF;52447
CQ11 RBHG OF;52448
CQ-1100 OF;48507
CQ-1111P OF;48508
CQ-2300 OF;52340
CQ-9500P OF;52341
CR10 NHG OF;52596
CR10 RBHG OF;52597
CR1120 CLA;52079
CR1220 CLA;52074
CR123 CLA;52073
CR123A-U1 CLA;52101
CR1616 CLA;52075
CR1620 CLA;52057
CR-1K6;49940
CR200 FBL;54534
CR2016-C5 OF;52088
CR2032-C5 OF;52086
CR2430-5B;54525
CR2450 CLA;54664
CR250 ATA;54535
CR250 DBB;54536
CR2-U1 CLA;52018
CR-2WAY;54439
CR364 (SW621) CLA;52062
CR50 2TS;50512
CR-650;49931
CS-102 OF;47715
CSC-110 OF;51947
CSD200;48465
CSD300;48463
CS-J620;54121
CSL-1402;51638
CSL-1502;51669
CSL-1603;51682
CSL-6904;51711
CST OF;51877
CT1250 NHG OF;53064
CT1250 RBHG OF;53065
CT-30;54550
CT-9430 OF;49710
CT-S100C2;54650
CT-S200RDC2;54647
CT-S200WEC2;54648
CT-S300C2;54649
CTV-150R OF;49711
CT-X5000C2;54640
CT-X800C2;54646
CWT-201 OF;47854
CXT-425 OF;52457
CXT-545SP;52458
CYM-CATALOG17;53318
D-1097A-1.5 OF;48677
D-1097A-3 OF;48683
D-1097A-4.5 OF;48685
D-1097A-6 OF;48688
D-1128-3 OF;48771
D-1158C OF;48668
DASNET-RACK99-230V;54199
DB1501 14X6.5 OF;50206
DC1065C;51737
DC1065C OF;51739
DC1065CA OF;51738
DC1075CE OF;51736
DC12120C OF;51743
DD-130;51924
DDX-417BTR;53347
DEH-S1150UB;54120
DEH-X1850UB;52467
DEH-X4850BT;52468
DEH-X5;53345
DG1415*;53865
DH-12T/3 OF;51512
DH-14T/1 OF;51554
DHC-26WA/2 OF;51586
DHC-40W OF;48079
DHDC-12 OF;51500
DHDC-22 OF;51572
DHOC-12C/1 OF;51502
DHOC-14C/1 OF;51536
DHP-712 OF;48248
DHP-805 OF;48249
DHP-807 OF;48250
DHP-813MIC OF;48222
DISCO 384;49784
DJ FOR ALL OF;49787
DJ KEYBOARD OF;49786
DJ-1211U;51056
DJ-626U;51052
DJ-88A OF;51051
DJH-200 OF;48260
DJPRO-50S OF;48251
DJX-03 OF;48252
DK3000.2;54567
DK4000.2;54568
DL-600AC OF;49179
DL-601B OF;49181
DLC-8017;52459
DM7P;53364
DP-002-015  CLA;54153
DP472L OF;51843
DP900YW;51465
DPC-110 OF;51854
DPM1412CFX OF;49596
DPM1622CFX OF;49597
DS-511A OF;50809
DS-514A;50812
DS-650;50962
DS-865 OF;50964
DS-866 OF;50965
DS-LED001-1C OF;50942
DS-LED012E OF;50928
DS-LED014 OF;50934
DS-LED014B OF;50921
DS-LED014D OF;50924
DS-LED014G-1;50931
DS-LED021B OF;50955
DSP-226;54188
DSP-4080;54069
DT100G3/64GB;54478
DT2000 OF;48191
DT4000 OF;48192
DTDUO3C/64GB;54479
DTSE9G2/128GB;54480
DTSE9G2/32GB;54482
DTSE9G2/64GB;54481
DTSE9H/16GB;54484
DTSE9H/32GB;54483
DVD-1G (TDV-1G) OF;52747
DVD-2G (TDV-2G) OF;52748
E310C;47962
E502C;47955
E610C;47954
E91 BP-2 AA;54530
E92 BP-2 AAA;54531
EARTH 70 NAT;50436
EBE-30 CLA;50191
EC-09;54198
EC13-2523  CLA;54155
EC-222-222  CLA;54154
EC3109A5 OF;48018
ECD-W811;53279
ECG-3411 BK OF;50449
ECG-3411 BLS OF;50447
ECG-3411 N OF;50448
ECG-3411 RDS OF;50451
ECG-3611 BLS OF;50453
ECG-3611 N OF;50454
ECG-3611 PK OF;50460
ECG-3611 RDS OF;50459
ECG-399C/EQ4 BK OF;50505
ECG-399C/EQ4 BLS OF;50501
ECG-399C/EQ4 N OF;50503
ECG-399C/EQ4 RDS OF;50507
ECG-399EQ3 BLS OF;50500
ECG-399EQ3 N OF;50502
ECG-399EQ3 PK OF;50508
ECG-399EQ3 RDS OF;50506
ECPK-20;54197
EG-1420BK OF;48305
EG-1420SB OF;48307
EG-1421RD OF;48306
EGA-10 CLA;50194
EGC-1295/MT MBK OF;50493
EGC-1296/MT MBK OF;50487
EGC-1296/MT MBL OF;50486
EGE-20 CLA;50202
EI66*28 50W;53023
EK-50;54122
ELM327;54406
ELP-15.4;48044
EQ-7X OF;50168
ESF11 1455SDW11234 O;52484
ESF11 1455SDW11235 O;52481
ESF11 1455SDW11236 O;52480
ESF11 1455SDW13072 O;52483
ESF11 1455SDW13073 O;52482
ESF11 1465SDW11234 O;52488
ESF11 1465SDW11235 O;52486
ESF11 1465SDW11236 O;52485
ESF11 1465SDW13073 O;52487
ESF11STAGE3WM11235 O;48460
ESF11STAGE3WM11236 O;48459
ESF11STAGE3WM13072 O;48462
ESF11STAGE3WM13073 O;48461
ESPLORA;54405
ESTV1;54593
ET-40 CLA;50207
ET-41 CLA;50208
EV-3L2U-WH;52511
EVENT-212.120A;54068
EVENT-212A;54067
EVO212;48600
EVO60H;48594
EVP-80;51269
EVS-130C1;54209
EVS-2800F;54208
EVS-WB02;54210
EXT-USB-MM-BL-1.5M CLA;54653
EXT-USB-MM-BL-3M CLA;54654
F380RGB OF;50805
F780RGB OF;50804
FBG-3428 OF;48509
FD-25W (EI57*30 25W);53022
FL-065E OF;50907
FL-D010-1 OF;50951
FL-D021 OF;50909
FLUX-01 CLA;54591
FLUX-02 CLA;54592
FLX3;54125
FLX3 STACK POLE;54126
FLY-1-439-235-00 OF;50230
FLY-154-074E;50234
FLY-6174Z-6040C OF;50259
FLY-8-598-838-00 OF;50261
FLYBAR FLX3;54131
FLY-BSC23-6910 OF;50266
FLY-BSC24-N0103;50270
FLY-BSC25-0286G OF;50272
FLY-BSC25-N3604 OF;50277
FLY-BSC29-3807B;50280
FLY-BSC68Z OF;50281
FLY-FA2017;50283
FLY-FC1412 OF;50284
FLY-FFA64027M;50286
FLY-KFS60266B OF;50293
FM-100;50978
FM100 LIQUID;50411
FORZA12A (UL);54127
FUE-3.15A;50390
FX2 24CH OF;49612
FX2 32CH OF;49613
FY-1048 OF;49486
FY-1112B AZUL;52946
FY-1120HR;54378
FY-1316SG;54677
FY-1328SH;54379
FY-4120N OF;48749
G1133PESA OF;49705
G210 2T OF;50490
G210 AW OF;50489
G210 BK OF;50491
G250LH BLK;50531
G280 MBP;50524
GA-2;54123
GA5F-FMH OP;54527
GB2i;54144
GB34A 3TS;48304
GB34J 3TS;48347
GB35J 3TS;48335
GB35J BK;48334
GB4-CUSTOM NAT;48345
GB74 OPN;48315
GB75 OPN;48333
GB75JJ AM;53421
GBF7850 BM OF;48555
GBW7850 NM OF;48554
GBW7850 OFM OF;48553
GCFS1175 BM OF;49594
GCSS 11.75 OF;51869
G-CUSTOM CRS;50522
GCW1175 OFM OF;49593
GD-744VC;54579
GH136;54616
GH14;54227
GH2250;54441
GK001B OF;50985
GK002B;50990
GK004B OF;50982
GK200;54228
GK299;54225
GK402;54223
GK500;54617
GK700;54226
GK803;54224
GK830;54222
G-LTD16 JSS;50519
G-LTD16 TR;50520
GM10;54215
GM106NS;50947
GM11;54219
GM30;54618
GM-48;51068
GM50;54217
GM-542;51065
GM-543;51066
GM-544;51067
GM60;54218
GM603;54216
GM-DX5 OF;51251
GMI-1060 OF;51596
GMI-1230-8 OF;51611
GMI-1260;51606
GMI-2508;51726
GMI-2510;51598
GMI-2512;51608
GMQ1;54220
GMQ7;54221
GP100AAAHCE CLA;54577
GP-100S OF;53087
GP-111 OF;53082
GP-301 OF;53079
GP-307S OF;53092
GP65AAAHCE CLA;54578
GPTC140L15;54435
GPTC140L3;54436
GQFS11 BM OF;52450
GQSS 11 OF;51868
GQW11 OFM OF;52449
GR03M-R03P-SUM4 CLA;54630
GRFS10 BM OF;52599
GRW10 OFM OF;52598
GS151C;54147
GS169C;54148
GT-300;48009
GTFS1250 BM OF;53069
GTW1250 OFM OF;53068
GWM-352 OF;51149
GWM-777 OF;51158
GWM-8034A OF;51148
GWM-820 OF;51151
GWM-8238C OF;51154
GWM-861 OF;51160
GZS 10-2-4 OF;53251
GZS 10-2-6 OF;53252
GZS 8-6-402 OF;53253
H-11 OF;51307
H-516 OF;50121
H8151 OF;50855
HB100VSB;48535
HB100WRB;48533
HB8 OF;49303
HCAJ1AWA;49246
HD-3030 OF;48253
HDC-007B OF;48806
HD-CS013 OF;52850
HD-CS014 OF;52847
HDC-VGA01 OF;49830
HDM-WIFI-AD03 OF;50137
HDS-004-040  CLA;54156
HD-SP098A OF;52797
HD-SP8-4K;54444
HEAVYMETAL;51820
HF102_STH100 OF;50130
HFL-100;50228
HG-2330RD;48217
HG-2330WH;48206
HG-3700BK;48262
HG-750RD;48269
HG-750WH;48259
HG-8990RD;48218
HH100 OF;51950
HHEAD11 OF;51497
HHR-P104 CLA;52098
HHR-P501A/B CLA;52097
HOP-1200S OF;50847
HOP-1200W-B OF;50853
HP 14-DK1003;54488
HP 15-DW0081;54549
HP12-6B/C3.0 OF;48179
HP14-8B/C3.0 OF;48183
HP14-8S/C3.0 OF;48182
HP16-8B/C3.0 OF;48184
HP-22 OF;48185
HP57N OF;48282
HP-5800 OF;48271
HP-6GJ36LT;54489
HP-79 OF;48204
HPE-21 OF;48279
HPE-22 OF;48277
HPE-24 OF;48221
HPI-257 OF;48255
HP-YO-RD OF;48268
HR1001-1-1.5M OF;48785
HR1001-1-10M OF;48792
HR1001-1-15M OF;48793
HR1001-1-20M OF;48795
HR1001-1-30M OF;48797
HR1001-1-3M OF;48799
HR1001-1-5M OF;48801
HR-D605;49749
HRM-1694;54584
HRT-1003 OF;48732
HRT-1006 OF;48827
HS400 OF;51879
HSC-110 OF;51949
HT1314CH;52998
HT1314CH*;53861
HT-230PA;52122
HT-G2;47957
HTOPCAJ3NT;49257
HV-241U-5-BK;54324
HV-241U-5-WH;54323
HV-BTM01BL OF;51304
HV-BTM01RD OF;51305
HV-BTM02BK OF;51301
HV-BTM02BL OF;51300
HV-BTM02GN OF;51303
HV-BTM02RD OF;51302
HV-C3WH OF;49262
HV-E303P-BK;54602
HV-E303P-BL;54603
HV-E303P-WH;54604
HV-E48P-WH;54513
HV-E49P-BK;54308
HV-E500BT-BK;54601
HV-E71P-BK;54311
HV-E73P-BK;54310
HV-F2035;54504
HV-F2051;54290
HV-F2081;54291
HV-G69;54688
HV-GK55;54510
HV-H1100-BK;54321
HV-H1108A-BK;54518
HV-H1108A-BL;54519
HV-H139D-BK;54514
HV-H207D;54678
HV-H2198D-OR;54289
HV-H2575BT-RD;54288
HV-H2590BT-BK;54313
HV-H409;54298
HV-H576-BK;54292
HV-H576-WH;54293
HV-H584-BK;54295
HV-H584-WH;54296
HV-H610-BK;54316
HV-H610-BK-1.8MT;48468
HV-H611-BK;54317
HV-H612-BK;54685
HV-H683-BK;54318
HV-H695-BK;54319
HV-H697-BK;54320
HV-H717;54608
HV-H965BT-BK;54312
HV-H970BT-BK;54314
HV-HDMI 1.4-5M-PR OF;48821
HV-HDMI1.4-1.5M-BLOF;48822
HV-HDMI1.4-1.5M-PROF;48823
HV-HDMI1.4-5M-BLOF;48820
HV-HM1201;54691
HV-HM131;54607
HV-KB488L;54509
HV-KB498L;54508
HV-KB510L;54690
HV-KB558CM;53263
HV-KB568GCM;49480
HV-KB611CM;54505
HV-L670-BK;54315
HV-L670-SI;54528
HV-M3-BK;54307
HV-M9006-BK;54520
HV-M9007T-BK;54609
HV-MP802-BK;54304
HV-MP802-BL;54306
HV-MP837;54300
HV-MP838;54301
HV-MP839;54303
HV-MS1005;54507
HV-MS550GT-BK;54689
HV-MS997GT-BK;54599
HV-N5086;54687
HV-P10;54684
HV-SF101BT;54605
HV-SF104BT;54606
HV-SF107BT;54679
HV-SK521BT-BL;51372
HV-SK521BT-PK;51375
HV-SK521BT-WH;51373
HV-SK563;54506
HV-SK706;54600
HV-SK708-BK;54683
HV-SK802BT;54322
HV-ST7012;54517
HV-TH650;54686
HV-TW901-BK;54515
HV-TW917-BK;54516
HV-TW925-BK;54680
HV-TW935-BK;54681
HV-TW935-WH;54682
HV-W3001;54610
HV-X62G-1.5M OF;48787
HV-X62G-3M OF;48788
HV-X62SI-1.5M OF;48789
HV-X62SI-3M OF;48790
HX-608 OF;51362
HY1.1738B OF;47862
HY1.1743 OF;47889
HY1.1746 OF;47886
HY1.1792A;47905
HY1.2371 OF;52775
HY1.2375 OF;52785
HY1.2379 OF;52790
HY1.4209;50760
HY1.4505;50716
HY1.4559;50715
HY1.5466 OF;48925
HY-1041 OF;51970
HY-2208B OF;50967
HY-2411;50969
HY-938A;50185
HY-GG-5 40W OF;52129
HY-HD-08A/E OF;50780
HY-SD-02;50881
HY-T608 OF;51353
HY-YB-12B OF;50033
I42BPH3.5X3S OF;50018
I49BMD57S;51075
I49BMD58BT;51076
I49BWS1A;50173
I4K12A_I4K12SA_ST1 O;49237
i5 - 7089;54325
I66B830TL;52444
I72BPA90CD OF;48098
I75BSPDR10 OF;51597
I76BRC8IN1 OF;49735
IA-1002;54181
IA-1004;54182
IA-402;54179
IA-404;54180
IAT013;48150
IBKCMET-10 OF;51600
IBM-FAN-200 OF;53176
IC-20NN OF;48869
IHEAT-KIT4 OF;50787
IHP200PRO-RD OF;48266
IHP200PRO-SIL OF;48270
I-MIX OF;49788
IML-504Y;51664
IML-620Y;51678
IN60 OF;50042
IPR-2-5000;52363
IS-160;54551
IT706120-1000SRL OF;48961
J-20S OF;48171
JA-1357;54448
JA-1399;54449
JA-1819;54415
JA-1820;54416
JA-1854;54451
JA-1859;54453
JA-1861;54455
JA-2090;54457
JA-2133;54446
JA-2134;54447
JADE2 PPM OF;50433
JH-V100B;48246
JM-23BL OF;51354
JM-23RD OF;51356
JM-38 (WS-266BK) OF;51357
JP-Q;54163
JP-Q-W;54164
JUPITER-B-BPK;54257
JUPITER-C-BPK;54254
JUPITER-D-BPK;54255
JUPITER-E-BPK;54256
JX-9008B OF;49687
K-1089E_L;54589
K201 OF;52951
K5-61;53670
K5-76;54247
KA-10000U OF;48119
KA70;54150
KB02US80-C4 OF;49339
KBL404;50091
KBL406;50092
KBPC804 OF;50087
KBPC808 OF;50086
KBZ00008;52045
KBZ00009;52027
KBZ00049;52328
KBZ00068;52531
KBZ00070;50346
KBZ00075;47971
KBZ00080;49066
KBZ00081;49069
KBZ00082;49067
KBZ00083;49070
KBZ00091;49071
KBZ00203;48429
KBZ00271;51061
KBZ00272;51062
KBZ00273;51063
KBZ00276;49068
KBZ00283;51064
KBZ00284;52065
KBZ00285;52066
KBZ00363;52081
KBZ00374;53166
KBZ00381;52099
KBZ00390;52076
KBZ00391;52077
KBZ00392;52078
KBZ00410;51811
KBZ00420;52089
KBZ00449;52711
KBZ00508;52918
KBZ02006 OF;51964
KBZ02040;52532
KBZ02065;51292
KBZ02106;52037
KBZ02107;52071
KBZ02114;52052
KBZ02116;49379
KBZ02117;48481
KBZ02131;48153
KBZ02136;50757
KBZ02166;49678
KBZ02193;49235
KBZ02197;53167
KBZ02198;53165
KBZ02199;52710
KBZ02203;49523
KBZ02207;52058
KBZ02209;48471
KBZ02220;52090
KBZ02225;52805
KBZ02238;50793
KBZ02239;49813
KBZ02260;52587
KBZ02265;49807
KBZ02273;50733
KBZ02283;52033
KBZ02288;48176
KBZ02293;48216
KBZ02295;48219
KBZ02296;48220
KBZ02300;52128
KBZ02306;49061
KBZ02316;52053
KBZ02342;49575
KBZ02344;51094
KBZ02349;52955
KBZ02358;50324
KBZ02367;52424
KBZ02368;49346
KBZ02398;52896
KBZ02426;49685
KBZ02428;48491
KBZ02429;52601
KBZ02430;52867
KBZ02443;50164
KBZ02444;50352
KBZ02448;52958
KBZ02449;52956
KBZ02457;52376
KBZ02468;47795
KBZ02472;52530
KBZ02473;53168
KBZ02475;48470
KBZ02476;52054
KBZ02478;51800
KBZ02479;49574
KBZ02484;51282
KBZ02486;48478
KBZ02487;50792
KBZ02496;52430
KBZ02521;50693
KBZ02522;49526
KBZ02523;50704
KBZ02524;52282
KBZ02525;52297
KBZ02526;50756
KBZ02527;52622
KBZ02528;51059
KBZ02533;49681
KBZ02536;52959
KBZ02537;52957
KBZ02538;52569
KBZ02539;52570
KBZ02540;52529
KBZ03000;50165
KBZ03005;48173
KBZ03016;49790
KBZ03030;49147
KBZ03052;48076
KBZ03056;48077
KBZ03057;48030
KBZ03070;50656
KBZ03072;49595
KBZ03159;51831
KBZ03160;51825
KBZ03161;51817
KBZ03165;51834
KBZ03171;51812
KBZ03173;51822
KBZ03174;51866
KBZ03202;51248
KBZ03203;51093
KBZ03217;51859
KBZ03218;51860
KBZ03219;51861
KBZ03220;51862
KBZ03222;51864
KBZ03223;51863
KBZ03224;51865
KBZ03225;51249
KBZ03239;51090
KBZ03254;53542
KBZ03257;53564
KBZ03275;53618
KBZ03287;53637
KBZ03297;53662
KBZ03308;53682
KBZ03310;53683
KBZ03314;53709
KBZ03315;53710
KBZ03355;54072
KBZ03397;54130
KD-21 OF;47839
KD-26BK;47848
KD-26BL;47846
KD-26GD;47847
KD-26YE;47845
KD-708;48469
KD-W620R OF;51442
KD-W622B OF;51441
KD-W626 OF;48712
KICKSTART15;48066
KICKSTART50;48075
KIT CLEANING CLA;54158
KIT-IP-Q;54183
KIT-IP-QUANTUM-W;54184
KM-398 OF;49690
KN-ACTION-A;51985
KN-CR200;51989
KN-G200;51986
KN-G240;51987
KN-GB34A;51984
KN-X6;51990
KR-150L;53350
KR-51BK;49130
KR-51BL;49127
KR-62BL OF;49096
KR-AL15;54615
KR-CX8;54362
KS LT118A SUB;53265
KS T28A;50877
KS-2000;51370
KS-2000 OF;51371
KS218SUB;52823
KS-327 OF;51376
KS-327SI OF;51380
KS-338 OF;51379
KS-9898USB OF;48112
KS-CS10A;49081
KS-CS12A;49072
KS-CS15A;49082
KSM213CCM HF;50836
KSM213CCM ORG OF;50841
KSS213B HF OF;50861
KSS213C EVL OF;50869
KSS213C NIKKO OF;50870
KSS213C SONY;50876
KSS213D HF OF;50868
KSS213D NIKKO OF;50871
KSS213D SONY;50875
KSS213F NIKKO OF;50863
KSS240A NIKKO OF;50864
KT-3005 CLA;54545
KURZ MOUSE PAD;54152
KX CUSTOM W/CASE BB;50540
KX100 IO;54461
KX100 MA;54462
KX257B MBLK;54460
KX5 BKM;50541
KX5 WP;50538
KY360-10ML-BL CLA;51807
KY360-10ML-GR CLA;51808
KY360-20ML-BL CLA;51809
KY360-20ML-GR CLA;51810
KY360-BL CLA;51805
KY360-GR CLA;51806
L100-OC NS;50592
L1412C-1/2 BL;53188
L1412C-1/2 PK;53190
L1412C-1/2 RD;53189
L1412C-1/4 PK OF;53194
L1412C-3/4 BL OF;53196
L1412C-3/4 PK OF;53198
L1412C-3/4 RD OF;53197
L1412C-4/4 BL;53201
L-330 CLA;51799
L421B OF;50638
LB0830;49975
LB-4BASS BK OF;48303
LBW7850 NHG OF;48556
LBW7850 SZ OF;48557
LC11NT-M;52451
LC1751DIR;48440
LC1754DIR;48441
LC1759DIR;48438
LC-9 OF;49300
LCD-SD595 (TL-595) O;52740
LCD-SD596 OF;52737
LCG10 BLS;50467
LCG10 RDS;50471
LCG851CT BLS;50619
LCPC-5H OF;48501
LCPC-6L OF;48502
LCR1134NT-M;54335
LCR1212NT-M;54336
LEBP-1 BL OF;49461
LEBP-1 RD OF;49463
LEM-506;51099
LEM-794;51098
LEM-810A OF;51097
LEN-81WE008HUS;54548
LGD-3;48193
LIC00007;47722
LIC00011;47723
LIC00012;54503
LIC00013;54502
LIC00014;54501
LIC00015;54500
LIC00016;54498
LIC00017;54499
LILYPAD;54402
LLA-1250B-9V OF;47742
LLA-12800P NT;50344
LLAS05210C OF;47754
LLAS-2450 OF;47737
LLAS2500 OF;47747
LLAS-3000A OF;47811
LLCS-0560 OF;47739
LLD1000RYT;52521
LLD-501 OF;49342
LLE-317-3 OF;52498
LLE389 OF;52502
LLE500B;52383
LLF021 OF;47711
LLSP004 OF;51764
LLT-706C OF;48937
LLT-708C OF;48938
LM2576S SMD CLD;54237
LM-700B BL;48454
LM-700B WR;48455
LP281;51007
LP281R;51008
LR1130 CLA;54556
LR41 CLA;52080
LS-AX1002 OF;48783
LV012B;53204
LWM-2600 OF;51166
LY-1220 CLA;54656
M101 OF;51330
M200 WS;50547
M2002 OF;53234
M5;51295
M600 AVD;50548
M600 BB;50542
M600 BC;53408
M600 T BC;50546
MA-275;50900
MB8 BM OF;49295
MB8 OF;49294
MBC-26;48525
MBC-I MBLK;50549
MBS LT 2000 OF;51946
MBS2000 OF;51944
MBS4000 OF;51945
MBS53S OF;51943
MC032BKxMT;54597
MC-10NN OF;48870
MC-3-500 OF;48881
MCAJ100BK-AS_;54346
MCC11CB OF;52452
MCC-SET-NT;54339
MEC1212NT-CH;54330
MECR1134NT-CH;54338
MECR11NT-CH;54337
MERCURY-B;54244
METAL CORE;51823
MGU4;54341
MGUS1;54340
MH18CR OF;49433
MH-AD810E;49420
MH-CR230;49415
MH-G250;49421
MH-GB34A;49419
MH-X6;49422
MIC-CORB1 CLA;54573
MIGHTY 20BT;54145
MIX-1212;54231
MIX-612;54229
MIX-812;54230
MIXTRACK PRO 3 - LIQUIDACION;54467
ML-2882BK;50905
ML-2882WH;50904
M-LTD16 ABL;50544
MOD-8403;54105
MOD-AMP2030;54382
MOD-AMP7297;54409
MOD-AMP7498;54400
MOD-DC3-BL;54390
MOD-DC3-RD;54389
MOD-DC-METER;54394
MOD-DP1637;54393
MOD-DRV293D;54408
MOD-FPR;54407
MOD-IR-SENSOR;54404
MOD-MQ-5;54387
MOD-MQ-9;54388
MOD-OLED;54383
MOD-RF-4CH;54399
MOD-RF-SET;54386
MOD-SDSLOT;54391
MOD-SHIELD-MBB;54392
MOD-TOUCH;54398
MOD-UNIV-2R;54381
MOD-VC2000;54403
MOD-WIFI-1R;54397
MOD-XL6009;54410
MOD-YYC2;54412
MO-PR4;54385
MO-WP35;54395
MO-WP612;54384
MP1134BB;54334
MP1134NT;54332
MP11BB;54333
MP11NT;54331
MP-2061R-BK OF;51338
MP-2061R-WH OF;51337
MP-296R-BK OF;51339
MP-296R-RD OF;51340
MP-297-1 OF;51350
MP-297-2 OF;51351
MP-776W-BK OF;51318
MP-776W-GR OF;51314
MPAR(18X10W) OF;50919
MR1200FX NAT;50596
MR350 CLA;52897
MR6MK3;53575
MR-E NS;50597
MS-122B (B-031L);52766
MS-123B (B-131L) OF;52743
MS-123M (TL-123M);52763
MS-15SS OF;51939
MS-340B (TL-340B) OF;52739
MS-370B (TL-370B) OF;52742
MS7255PG OF;51936
MS7625PG OF;51937
MS7701B;51931
MS9701B_ OF;51933
MS-LCD200 OF;52736
MSM2 OF;51001
MS-SP8FC;50945
MT101;54213
MT-128YE;51402
MT1415B;53002
MT1415B*;53863
MT1415BN_;54347
MT1415CH;53004
MT1415CH*;53862
MT1415RR-M;53001
MT1415RR-M*;53864
MT-961TR OF;51396
MTC-1412/ABS OF;52960
MUC820L9 OF;51036
MVH-G215BT;54118
MVH-S215BT;54119
MW-380B (TL-380B) OF;52741
MX.10V2;49614
MX.12USBV2;49618
MX.12V2;49615
MX.3BT;49622
MX.5V2;49623
MX.6FXV2;49625
MX-1 OF;52456
MX15;48089
MX15R;48088
MX30R;48090
MXC-3003N/WRD;48452
MXC-3005/DARK BLUE O;48450
MXC-3012/DARK BLUE;48451
MXC-3012/WRD;48453
MXI.2422CFX;54124
MZ-301 OF;52571
N10BL OF;52344
N10RD OF;52345
N2B OF;48367
N2BN OF;48368
N5B OF;48383
N5BN OF;48384
NDX20 BK;50593
NEPTUNE-B-PK-BL/BK;54253
NEPTUNE-C-PK-BL/BK;54250
NEPTUNE-D-PK-BL/BK;54251
NEPTUNE-E-PK-BL/BK;54252
NEXT-15A;54138
NF-56W;49569
NH-AAA-BZEN CLA;52050
NH-AA-B2EN CLA;54631
NL6;49276
NL9;49299
NO-777B OF;50039
NOISEGATE;51829
NR-16 OF;52828
NROCK OF;48404
NROCKN OF;48405
NTC-1525 OF;53097
OMI-248L OF;52558
OMIT-112DM OF;52546
OMIT-124DM OF;52552
OP-E070 OF;49065
OPERA500;54137
OR-110;54351
ORBIT - LIQUIDACION;54468
ORC-7/SET OF;52630
ORIGINAL-HD-1;54350
ORION-B0120;54242
ORION-C0123;54238
ORION-D0123;54239
ORION-E0120;54240
ORION-E0123;54241
ORION-UKE-S0120;54243
OST-124DM OF;52551
OVERDRIVE;51830
OVI-12-W-IP54;54185
P-121B;54637
PA-130;47730
PA-300;51082
PA-3C;54632
PA-450 OF;48092
PA-451C-MP3D OF;48093
PA-50C OF;48094
PA-750U OF;48099
PA900 KORG;53309
PALISADES OF;51846
PAR64(177,7CH)SB OF;50935
PAR64(177,7CH)SP OF;50937
PAR64(36*3W)SB OF;50936
PAR64(36*3W)SP OF;50938
PB530USB210B-EW OF;49338
PBP-51428 OF;48506
PBTR-0 OF;52981
PBTR-8;52984
PBTRP-0 OF;52982
PBTRP-8 OF;52985
PBTS-8;52987
PD15U;53679
PE-1503 OF;49329
PER-CATALOG17;53319
PFS-200 (HY-FK-3);52615
PGA181-XLR CLA;54203
PGA52-XLR CLA;54570
PGA81-XLR CLA;54572
PGST20WP OF;50418
PH215U;54440
PH7AC OF;51475
PI-3000;54380
PIL00015;52049
PIL00039;52014
PIL00041;52036
PIL00084;52015
PIN-8C;54066
PK-1500X OF;50791
PK-2100X OF;50788
PK-750X OF;50785
PK-ACTION-A-N OF;51223
PK-CR100-N OF;51137
PK-CR200-B OF;51134
PK-CR230-B OF;51116
PK-CR230-N OF;51117
PK-G200-B;51210
PK-G200-M;51211
PK-G200-N;51212
PK-G250-B OF;51129
PK-G250-M OF;51232
PK-G250-N OF;51240
PK-KX5-B OF;51133
PK-KX5-N OF;51135
PK-X2-B OF;51130
PK-X6-N OF;51138
PL-037 OF;50956
PL-1451;54450
PL-1858;54452
PL-1860;54454
PL-198M OF;52323
PL-2088;54417
PL-2089;54456
PL-20S;54191
PL-221S;54192
PL-P059 OF;50915
PL-SP3;54445
PL-UX218S;54201
PMA-8U;49604
PME-1206U;49610
PME-126U OF;49611
PME-1606U;49600
PME-2006U OF;49601
PME-806U;49603
PMX-603 OF;49605
PMX-62 OF;49606
PMX-82 OF;49609
PMX-F4;54235
PMX-F7;54236
PMX-U4;54563
PMX-U6;54564
PN9-00004;54493
POTG240 (B500K);49671
POTG240 (D500K);49670
POTGB34J (D500K);49667
POTGB35A (B500K) OF;49666
POTX4 (B500K);49668
PP-56113DG-B OF;52505
PP-56116DG-W OF;52504
PP-56233DR-B OF;52503
PR-502 OF;52382
PR-503 OF;52384
PR-503B OF;52385
PROPC1000;54552
PSR-E253;52936
PSRE253_SKB2;52931
PSR-E263;54633
PSRE353_SKB2;52932
PSRE443;52937
PSR-E453;52938
PSRE453_SKB2;52933
PSR-E463;54634
PSR-S670;54635
PSR-S775;54636
PSR-S975;54638
PST3 C/R-18 OF;52205
PST3 C-16 OF;52204
PST3 CH-18 OF;52203
PST3 ESSENTIAL SET O;52664
PST3 HH-14 OF;52206
PST3 R-20 OF;52208
PST3 SP-10 OF;52209
PST3 UNIVERSAL SET O;52663
PST5 SP-8A OF;52211
PT-50 RD/BL OF;51460
PT-50 YL/BL OF;51459
PT-90 BL OF;51470
PT-90 RED OF;51471
PTC-104P6 OF;49646
PTC-104T6 OF;49649
PTC-203P6 OF;49647
PTC-503P6;49648
PTC-503T6 OF;49650
PTG-104SP OF;49639
PTG-502SP OF;49640
PTV-503P6 OF;49651
PUHB11 OF;51128
PUM10-B;51105
PUM12 OF;51127
PUNT00001 - CLA;54546
PUNT00002 - CLA;54576
PUSE6 OF;51200
PUTBH1 OF;51203
PV10 OF;49627
PV10 USB OF;49628
PV115D OF;49083
PV118;52825
PV118D OF;52820
PV14 OF;49631
PV14 USB OF;49632
PV20 USB OF;49633
PV215;49230
PV23XO;49938
PV-5PC-BK OF;48457
PV5PC-BLACK;48447
PV5PC-SILVER;48448
PV5PC-WHINE RED;48449
PV6 OF;49634
PV7 XLR;51077
PV8 OF;49637
PV8 USB OF;49638
PVR-502W OF;50852
PVR-802W;50837
PVR-802W (IDP082W)OF;50835
PVXP12;49084
PVXP15;49085
PW-0-100 RED OF;48930
PW-4-100 RED OF;48931
PX-1000 OF;52357
PX-1500 OF;52358
PX-2000 OF;52359
PX-335G (TY-314) OF;48568
PX-G3000 OF;52361
Q-10;54168
Q-10-W;54169
Q-3-T;54166
Q-3-TW;54167
Q-43-T;54177
Q-43-TW;54178
QLX-4;51645
QLX-6911;51714
QX-001;54418
QX-026;54419
QX-1003 OF;52212
QX-1009 OF;52213
QX-1075BL OF;52255
QX-1075RD OF;52256
QX-1767B OF;47924
QX-2939A OF;52490
QX-6109-3M OF;48743
QX-6109-6M OF;48744
QX-7304MM-114 OF;48729
QX-7304MM-50 OF;48727
R-28B03 OF;49706
RASX4MM;54430
RASX8MM;54429
RB4-12;48477
RB4-6 OF;48489
RB7-12 OF;48482
RBN118 SUB;52822
RC-3001D;48055
RC3100L10 CLA;54438
RC-6VT05 OF;49707
RC-8859 OF;49708
RCA-704 OF;49734
RCR504BR OF;49736
RE205 CLA;54672
REC01;54214
REP-BOMBA-F1200-F150;48524
REP-CDYA-002-SH;54142
REP-CDYA-015-SH;54143
REP-DSP-ALTEA-415A;54102
REP-DSP-ALTEA-715A;54103
REP-ENCODER-DAS;54104
REP-GB34A-EQ;54159
REP-HEADSET;54132
REP-MAIN-CSD500;54134
RF2FC-BG;54426
RF2FC-NG;54425
RF2P-BG;54421
RF2P-NG;54420
RF-7001 OF;49821
RG-58 OF;48725
RGBW4C;49785
RHEAD-1134NT;54284
RHEAD-11NT;54283
RHEAD-1212NT;54285
RHEAD-7NT;54286
RHEAD-812NT;54282
RIMCLAMP-M;54281
RJ3FD-2;54431
RJ3FD-2-B;54432
RJ3FP-BG;54428
RJ3FP-NN;54427
RM-115T-EVOII;54352
RM-210T-EVOII;54353
RM-410T-EVOII;54354
RM-500-EVOII;54349
RM-C115T-500-EVOII;54355
RM-C463 OF;49713
RM-D1078_;54580
RM-D613B;54443
RM-G1800;54581
RMJ3FD;54433
RMJ3FD-B;54434
RMJ3FPP-45-NN;54424
RMJ3PP-45-NN;54423
RMJ3PS-NN;54422
RM-L1316;54587
RM-L1368;54588
RM-L1370;54585
RM-L1379;54582
RM-L1508_;54586
RM-L915+;49720
RM-L930_;54583
RM-SC3 OF;49693
RM-SR100 OF;49694
RP5G3-NA;51296
RPCI001;54328
RS4FP;54107
RS4FP-HD;54106
RSE-UV10 OF;51048
S-100-12V 8A OF;50323
S-10BK OF;51364
S-10WH OF;51363
S-3027FR CLA;52810
S-360-12V 30A OF;50332
S-500-12V 40A OF;50322
S-5250 CLA;53336
S-5803 CLA;52809
S-60-12V 5A OF;50335
S-63047 CLA;54136
SA400S37/480G;54475
SA-47AH2;54642
SA-76AH2;54643
SA-77AH2;54644
SA-78AH2;54645
SB117;54280
SB119;54135
SB-12250;54160
SB-20;51889
SB-61.3;48485
SBA-166SA OF;51054
SC08-USB OF;47743
SC-BM5 OF;53046
SC-BN1 OF;48458
SC-BX-135DB OF;48565
SC-C008 OF;50906
SC-C-IPOD OF;48946
SC-DM-200U OF;51272
SC-DS-S150 OF;50966
SC-GB-PSVKIT OF;50794
SC-L-P3 OF;50834
SC-RELOJ1 OF;52564
SC-RELOJ2 OF;52563
SC-RELOJ3 OF;52567
SC-RELOJ4 OF;52568
SC-RELOJ5 OF;52562
SC-RELOJ6 OF;52566
SC-RELOJ7 OF;52565
SD-300 ROJO OF;48273
SD-370 OF;51352
SD-4S CLA;54575
SD-550M (TL-122M) OF;52762
SD-C4000 CLA;51804
SDCS2/16GB;54487
SDCS2/32GB;54486
SDCS2/64GB;54485
SDCZ33-016G CLA;54541
SDCZ5016G BL - CLA;54542
SDCZ5016G GR - CLA;54543
SDCZ5016G WH - CLA;54544
SDSSDA-120G-G27;54477
SDSSDA-1T00-G26;54474
SDSSDA-240G-G26;54476
SE112 CLA;54595
SEFSTAGE3WM13034;48492
SEFSTAGE3WM13113;48493
SF-HD3 OF;50848
SF-HD62 OF;50850
SF-HD850 OF;50851
SFX11STAGE2WM11228 O;48498
SFX11STAGE2WM11229 O;48497
SFX11STAGE2WM13004 O;48499
SFX-AB TBK;50609
SFX-DAO AM;50601
SFX-FM TR;50608
SFX-ME W/BAG BKS;50583
SH-102 OF;48017
SHA-003-159 CLA;54157
SHERWOOD 60R;53357
SI-221;52683
SIM-203937 CLA;54673
SKD-100-14;48165
SL2G;51847
SLPP380GN8 OF;51016
SM03 CLA;54202
SM27-SC CLA;54204
SM57 CLA;51205
SMC-4168 OF;49714
SMF11 1455 SDS OF;52489
SMF11STAGE1WM11228 O;48496
SMF11STAGE1WM11229 O;48494
SMF11STAGE1WM13004 O;48495
SMP-3 OF;51779
SOH-AAU HF OF;50865
SOH-AD3;50856
SOH-AD3 HF OF;50866
SOH-AD3 NIKKO OF;50872
SOH-AD3 SAMSUNG;50874
SOH-APU EVL OF;50867
SOHO V4_SOHO S10 BK;52687
SOHO V8_SOHO S12 BK;52688
SP1;54149
SP-1004G OF;48807
SP-19B AMARILLO OF;51893
SP-19B OF;51888
SP-19S OF;51900
SP273 OF;51855
SP-358 OF;51635
SP473 OF;51856
SPA-150W OF;50319
SPA-200W OF;50320
SPA-300W OF;50321
SPA-K512BLT OF;49120
SPB10GNS OF;51017
SPR00004;54258
SPR00005;50781
SPT-951PI OF;53091
SPV-01;51790
SPV-03;51792
SPV-09;51796
SR SET-3;52626
SR SET-6;52625
SR SET-7;52623
SR SET-8;52624
SR SET-9;52627
SR-363A OF;51967
SR-363B OF;51968
SRH440 CLA;54571
SRT-5000 CLA;51801
SS2000 OF;51954
SS4000 OF;51955
SSC-602 OF;48168
SSC-603 OF;48169
SST10GN19 OF;51019
SST10GN1W OF;51018
STAGEMAN;53391
STBE1204L20;51024
STBE1604L20;51027
STBE1604L30;51028
STBE1608L30;51030
STBE1608L50;51031
STBE2408L30;51032
STBE2408L50 OF;51033
STBG1204L20 OF;51023
STBG1604L20 OF;51025
STBG1604L30 OF;51026
STBG1608L30 OF;51029
STEA1000400;54471
STEA2000400;54470
STEA4000400;54469
STL180GN1B OF;51020
ST-MCC1134BK;54342
ST-MCC1212BK;54343
ST-MP1134CH;54345
ST-MP11CH;54344
STUDIO-12;54357
STUDIO-15;54356
SUNSET II CAR;50557
SUPERCHORUS;51833
SW-13 OF;52887
SW-14 OF;52881
SW-416;49753
SW-864 CLA;54659
SW-91118;52991
SW-91120 OF;52992
SWT00023 OF;52829
SWT00070 OF;52860
SWV-1212;54413
T160-U1;52094
T160-U1 CLA;52093
T-20;49599
T-2012 OF;51378
T207-U1;52100
T2208;53451
T277-U1 OF;52092
T339-U1 OF;52095
T380-U1 OF;52096
T390-U1 CLA;52091
T400 CLA;53565
TA-174;53153
TAD-153 OF;51780
TAP-20T WH;54128
TAP40A WH;54108
TAP-40BT;49075
TAP-40T WH;54129
TCL-2 OF;49484
TCO-015 CLA;54692
TCO-020 CLA;54437
TD-1506;54329
TD-3011;54671
TD-3012;54670
TD-V26 OF;51361
TE-2.0 CLA;54626
TE-266 OF;52975
TE-3.0 CLA;54627
TE-6.0 CLA;54628
TE-8.0 CLA;54629
TEA1533 AP CLD;54259
TEC1-12706;54401
TECC1080PK25A OF;52612
TEK-001 OF;49715
TERRAFOG LIQUID;50885
TFC-784TW OF;51844
TH-1000 OF;50669
TH-1500 OF;50672
TH-5000;50677
TH-750;50678
THA-4;48012
THA-4 OF;48013
THMS-1000;50666
THPA-6 OF;48014
TJ-051 OF;47814
TJ-077 OF;47749
TJ-1195;47800
TL25S PK;53233
TL-SF1005D CLA;54613
TL-SF1008D CLA;54612
TL-SG1005D CLA;54614
TL-WN8200ND CLA;54554
TL-WR840N CLA;54273
TL-WR841N CLA;54466
TM-102 OF;51406
TM-108 OF;51417
TM-110 OF;51419
TM-116 OF;51408
TM-125 OF;51407
TM-133 OF;51422
TM-150 OF;47994
TM-178 OF;51418
TMS-104 OF;51918
TMW-9144M;51184
TOURBUS-15;54361
TRBH-103 OF;49660
TRBH-503 OF;49661
TRD-7;54189
TS-045L OF;49371
TS-302 OF;47721
TS-831 OF;52429
TS-A1676S;51677
TS-A300D4;54113
TS-A6970F;54115
TS-A6990F;54116
TS-AR12;51607
TS-G1020F;54114
TS-M650PRO;51731
TS-M800PRO;51732
TS-QR12;51610
TS-W3003D4;51604
TS-W311D4;51603
TV-301 OF;47713
TV-302 OF;47714
TV-322 OF;49824
TV-325 OF;49820
TV-326 OF;49823
TV-3416 OF;52794
TV-50 OF;49394
TV-51 OF;49395
TVY-33C OF;52738
TWM-321 OF;51168
TWM-322 OF;51170
TX-88 OF;48154
TY12-1,10;52533
TY12-1,12;52534
TY12-1,15;52535
TY12-1,18;52536
TY12-1,6;52539
TY12-1,6.5;52541
TY12-1,8;52543
TY16-4;52544
TY-308 (W6000);48566
TYM-52BK OF;51922
TYM-52CH OF;51938
TYS-02BK OF;51892
TYS-04IV OF;51899
U-44-3P;50159
U7Z-00001;54495
U7Z-00031;54497
U7Z-00041;54496
UK-SOP8;54365
UK-SOP9;54366
UNITE-2;54151
USB-485;54200
UTP-6-15 CLA;54624
UTP-6-2 CLA;54622
UTP-6-20 CLA;54625
UTP-6-5 CLA;54623
UTP-6EGR-2M CLA;54655
UX-218A;54196
UX-221A;54195
V845;51838
VET-104 OF;49766
VET-502 OF;49768
VET-503 OF;49767
VG-130 OF;49826
VIPER150;48031
VIPER500;48593
VIPER60;48033
VPEW-4/4;49447
VSX26e;53433
VT100X;48080
VT20X;48081
VT40X;48082
VTEW-4/4;49832
VT-USB;54411
VX II;48083
W10M;50090
WAH01;51858
WC100EB;54348
WDC-39FC/S OF;52634
WEMOS-D1;54396
WM332;54211
WP2-XLR;54458
WP-VGA-1;54459
X-1 BK;50565
X-1 BKS;50571
X-1 RD;50574
X100 OPBB;54463
X100 OPBK;54464
X100 OPKB;54465
X-11 ALDER BK;50561
X-11 BCS;50569
X-11 TCG;50563
X12A-MP;49088
X-2LH BK;50570
X-6 BK;50568
X-6 GM;50564
X-6 RMS;50575
XAV-65;52462
XCS-12A;49087
XCS-15A;49089
X-LTD16 OTBK;50562
XS-AD01;54669
XS-C214 OF;51640
XS-C216 OF;51688
XS-C469 OF;51718
XS-G437;51651
XS-G602;51875
XS-G637;51689
XS-G6937;51722
XS-K118;48194
XS-M720;54666
XS-MH01;54667
XS-MH02;54668
XTX-1600 OF;48050
XTX-1700;48058
XTX-1800 OF;48054
XV-3 OF;49934
YAC-M10BK-1.5 OF;48642
YAC-M10BL-1.5 OF;48638
YAC-M10RD-1.5 OF;48648
YAC-M10WH-1.5 OF;48639
YAC-M10YW-1.5 OF;48637
YB8-170;54442
YS-601CH OF;52907
YUG-153-022A OF;53235
YUG-153-047A OF;53236
YW-191L;54206
YW-302BK;48023
YW-302RD;48024
YW-302YE;48021
YW-382BK;48027
YW-382BL;48026
YW-382YE;48025
YW-831L;54619
YW-A6901L;54207
YW-BL382BK;47999
YW-J006S;52760
YW-J012L;52768
YW-L009S;52770
YW-L015-2 OF;52725
YW-L028-1 OF;52731
YW-L031-2;52728
YW-T015-2;52765
Z-400 OF;50986
Z44 BK;50578
ZD-509 OF;52127
ZYE-D016B OF;50822
ZYE-D026 OF;50813
ZYE-D027 OF;50821
ZYF-X005 OF;50910
ZYF-X021 OF;50950
